﻿<?xml version="1.0" encoding="utf-8"?>
<abapGit version="v1.0.0" serializer="LCL_OBJECT_MSAG" serializer_version="v1.0.0">
 <asx:abap xmlns:asx="http://www.sap.com/abapxml" version="1.0">
  <asx:values>
   <T100A>
    <ARBGB>ZBRF_MESSAGES</ARBGB>
    <MASTERLANG>D</MASTERLANG>
    <STEXT>Nachrichten für BRF+ Aufrufe</STEXT>
   </T100A>
   <T100>
    <T100>
     <SPRSL>D</SPRSL>
     <ARBGB>ZBRF_MESSAGES</ARBGB>
     <MSGNR>001</MSGNR>
     <TEXT>Zum Objektnamen &amp;1 konnte keine Objekt-ID ermittelt werden</TEXT>
    </T100>
    <T100>
     <SPRSL>D</SPRSL>
     <ARBGB>ZBRF_MESSAGES</ARBGB>
     <MSGNR>002</MSGNR>
     <TEXT>Zum Objektnamen &amp;1 wurde mehr als eine Objekt-ID ermittelt</TEXT>
    </T100>
    <T100>
     <SPRSL>D</SPRSL>
     <ARBGB>ZBRF_MESSAGES</ARBGB>
     <MSGNR>003</MSGNR>
     <TEXT>Beim Aufruf der Funktion &amp;1 ist ein Fehler aufgetreten</TEXT>
    </T100>
    <T100>
     <SPRSL>D</SPRSL>
     <ARBGB>ZBRF_MESSAGES</ARBGB>
     <MSGNR>004</MSGNR>
     <TEXT>Ermittlung Importparameter nicht möglich. Funktion hat &amp;1 Kontextobjekte.</TEXT>
    </T100>
    <T100>
     <SPRSL>D</SPRSL>
     <ARBGB>ZBRF_MESSAGES</ARBGB>
     <MSGNR>005</MSGNR>
     <TEXT>Parameter bei &amp;1 nicht gesetzt! Methode SET_PARAMETER_REFERENCES rufen.</TEXT>
    </T100>
   </T100>
  </asx:values>
 </asx:abap>
</abapGit>
