﻿<?xml version="1.0" encoding="utf-8"?>
<abapGit version="v1.0.0" serializer="LCL_OBJECT_TABL" serializer_version="v1.0.0">
 <asx:abap xmlns:asx="http://www.sap.com/abapxml" version="1.0">
  <asx:values>
   <DD02V>
    <TABNAME>ZCA_PARAMETERS_ORDER_TYPE_OUT</TABNAME>
    <DDLANGUAGE>D</DDLANGUAGE>
    <TABCLASS>INTTAB</TABCLASS>
    <DDTEXT>Outputstruktur für BRF+ Funktion FC_PARAMETERS_ORDER_TYPE</DDTEXT>
    <EXCLASS>1</EXCLASS>
   </DD02V>
   <DD03P_TABLE>
    <DD03P>
     <TABNAME>ZCA_PARAMETERS_ORDER_TYPE_OUT</TABNAME>
     <FIELDNAME>KUNNR</FIELDNAME>
     <POSITION>0001</POSITION>
     <ROLLNAME>KUNNR</ROLLNAME>
     <CHECKTABLE>KNA1</CHECKTABLE>
     <ADMINFIELD>0</ADMINFIELD>
     <NOTNULL>X</NOTNULL>
     <SHLPORIGIN>P</SHLPORIGIN>
     <SHLPNAME>C_KUNNR</SHLPNAME>
     <SHLPFIELD>KUNNR</SHLPFIELD>
     <COMPTYPE>E</COMPTYPE>
    </DD03P>
    <DD03P>
     <TABNAME>ZCA_PARAMETERS_ORDER_TYPE_OUT</TABNAME>
     <FIELDNAME>LIFNR</FIELDNAME>
     <POSITION>0002</POSITION>
     <ROLLNAME>LIFNR</ROLLNAME>
     <CHECKTABLE>LFA1</CHECKTABLE>
     <ADMINFIELD>0</ADMINFIELD>
     <NOTNULL>X</NOTNULL>
     <SHLPORIGIN>P</SHLPORIGIN>
     <SHLPNAME>KRED_C</SHLPNAME>
     <SHLPFIELD>LIFNR</SHLPFIELD>
     <COMPTYPE>E</COMPTYPE>
    </DD03P>
    <DD03P>
     <TABNAME>ZCA_PARAMETERS_ORDER_TYPE_OUT</TABNAME>
     <FIELDNAME>FIELDNAME</FIELDNAME>
     <POSITION>0003</POSITION>
     <ROLLNAME>FIELDNAME</ROLLNAME>
     <CHECKTABLE>DD03L</CHECKTABLE>
     <ADMINFIELD>0</ADMINFIELD>
     <NOTNULL>X</NOTNULL>
     <SHLPORIGIN>P</SHLPORIGIN>
     <COMPTYPE>E</COMPTYPE>
    </DD03P>
    <DD03P>
     <TABNAME>ZCA_PARAMETERS_ORDER_TYPE_OUT</TABNAME>
     <FIELDNAME>LGNUM</FIELDNAME>
     <POSITION>0004</POSITION>
     <ROLLNAME>LGNUM</ROLLNAME>
     <CHECKTABLE>T300</CHECKTABLE>
     <ADMINFIELD>0</ADMINFIELD>
     <NOTNULL>X</NOTNULL>
     <SHLPORIGIN>P</SHLPORIGIN>
     <COMPTYPE>E</COMPTYPE>
    </DD03P>
    <DD03P>
     <TABNAME>ZCA_PARAMETERS_ORDER_TYPE_OUT</TABNAME>
     <FIELDNAME>LGTOR</FIELDNAME>
     <POSITION>0005</POSITION>
     <ROLLNAME>LGTOR</ROLLNAME>
     <CHECKTABLE>T30B</CHECKTABLE>
     <ADMINFIELD>0</ADMINFIELD>
     <NOTNULL>X</NOTNULL>
     <SHLPORIGIN>P</SHLPORIGIN>
     <COMPTYPE>E</COMPTYPE>
    </DD03P>
   </DD03P_TABLE>
   <DD05M_TABLE>
    <DD05M>
     <TABNAME>ZCA_PARAMETERS_ORDER_TYPE_OUT</TABNAME>
     <FIELDNAME>FIELDNAME</FIELDNAME>
     <FORTABLE>*</FORTABLE>
     <CHECKTABLE>DD03L</CHECKTABLE>
     <CHECKFIELD>TABNAME</CHECKFIELD>
     <PRIMPOS>0001</PRIMPOS>
     <DOMNAME>AS4TAB</DOMNAME>
     <DATATYPE>CHAR</DATATYPE>
     <LENG>000030</LENG>
    </DD05M>
    <DD05M>
     <TABNAME>ZCA_PARAMETERS_ORDER_TYPE_OUT</TABNAME>
     <FIELDNAME>FIELDNAME</FIELDNAME>
     <FORTABLE>ZCA_PARAMETERS_ORDER_TYPE_OUT</FORTABLE>
     <FORKEY>FIELDNAME</FORKEY>
     <CHECKTABLE>DD03L</CHECKTABLE>
     <CHECKFIELD>FIELDNAME</CHECKFIELD>
     <PRIMPOS>0002</PRIMPOS>
     <DOMNAME>FDNAME</DOMNAME>
     <DATATYPE>CHAR</DATATYPE>
     <LENG>000030</LENG>
    </DD05M>
    <DD05M>
     <TABNAME>ZCA_PARAMETERS_ORDER_TYPE_OUT</TABNAME>
     <FIELDNAME>FIELDNAME</FIELDNAME>
     <FORTABLE>*</FORTABLE>
     <CHECKTABLE>DD03L</CHECKTABLE>
     <CHECKFIELD>AS4LOCAL</CHECKFIELD>
     <PRIMPOS>0003</PRIMPOS>
     <DOMNAME>AS4LOCAL</DOMNAME>
     <DATATYPE>CHAR</DATATYPE>
     <LENG>000001</LENG>
    </DD05M>
    <DD05M>
     <TABNAME>ZCA_PARAMETERS_ORDER_TYPE_OUT</TABNAME>
     <FIELDNAME>FIELDNAME</FIELDNAME>
     <FORTABLE>*</FORTABLE>
     <CHECKTABLE>DD03L</CHECKTABLE>
     <CHECKFIELD>AS4VERS</CHECKFIELD>
     <PRIMPOS>0004</PRIMPOS>
     <DOMNAME>AS4VERS</DOMNAME>
     <DATATYPE>NUMC</DATATYPE>
     <LENG>000004</LENG>
    </DD05M>
    <DD05M>
     <TABNAME>ZCA_PARAMETERS_ORDER_TYPE_OUT</TABNAME>
     <FIELDNAME>FIELDNAME</FIELDNAME>
     <FORTABLE>*</FORTABLE>
     <CHECKTABLE>DD03L</CHECKTABLE>
     <CHECKFIELD>POSITION</CHECKFIELD>
     <PRIMPOS>0005</PRIMPOS>
     <DOMNAME>AS4POS</DOMNAME>
     <DATATYPE>NUMC</DATATYPE>
     <LENG>000004</LENG>
    </DD05M>
    <DD05M>
     <TABNAME>ZCA_PARAMETERS_ORDER_TYPE_OUT</TABNAME>
     <FIELDNAME>KUNNR</FIELDNAME>
     <FORTABLE>SYST</FORTABLE>
     <FORKEY>MANDT</FORKEY>
     <CHECKTABLE>KNA1</CHECKTABLE>
     <CHECKFIELD>MANDT</CHECKFIELD>
     <PRIMPOS>0001</PRIMPOS>
     <DOMNAME>MANDT</DOMNAME>
     <DATATYPE>CLNT</DATATYPE>
     <LENG>000003</LENG>
    </DD05M>
    <DD05M>
     <TABNAME>ZCA_PARAMETERS_ORDER_TYPE_OUT</TABNAME>
     <FIELDNAME>KUNNR</FIELDNAME>
     <FORTABLE>ZCA_PARAMETERS_ORDER_TYPE_OUT</FORTABLE>
     <FORKEY>KUNNR</FORKEY>
     <CHECKTABLE>KNA1</CHECKTABLE>
     <CHECKFIELD>KUNNR</CHECKFIELD>
     <PRIMPOS>0002</PRIMPOS>
     <DOMNAME>KUNNR</DOMNAME>
     <DATATYPE>CHAR</DATATYPE>
     <LENG>000010</LENG>
    </DD05M>
    <DD05M>
     <TABNAME>ZCA_PARAMETERS_ORDER_TYPE_OUT</TABNAME>
     <FIELDNAME>LGNUM</FIELDNAME>
     <FORTABLE>SYST</FORTABLE>
     <FORKEY>MANDT</FORKEY>
     <CHECKTABLE>T300</CHECKTABLE>
     <CHECKFIELD>MANDT</CHECKFIELD>
     <PRIMPOS>0001</PRIMPOS>
     <DOMNAME>MANDT</DOMNAME>
     <DATATYPE>CLNT</DATATYPE>
     <LENG>000003</LENG>
    </DD05M>
    <DD05M>
     <TABNAME>ZCA_PARAMETERS_ORDER_TYPE_OUT</TABNAME>
     <FIELDNAME>LGNUM</FIELDNAME>
     <FORTABLE>ZCA_PARAMETERS_ORDER_TYPE_OUT</FORTABLE>
     <FORKEY>LGNUM</FORKEY>
     <CHECKTABLE>T300</CHECKTABLE>
     <CHECKFIELD>LGNUM</CHECKFIELD>
     <PRIMPOS>0002</PRIMPOS>
     <DOMNAME>LGNUM</DOMNAME>
     <DATATYPE>CHAR</DATATYPE>
     <LENG>000003</LENG>
    </DD05M>
    <DD05M>
     <TABNAME>ZCA_PARAMETERS_ORDER_TYPE_OUT</TABNAME>
     <FIELDNAME>LGTOR</FIELDNAME>
     <FORTABLE>SYST</FORTABLE>
     <FORKEY>MANDT</FORKEY>
     <CHECKTABLE>T30B</CHECKTABLE>
     <CHECKFIELD>MANDT</CHECKFIELD>
     <PRIMPOS>0001</PRIMPOS>
     <DOMNAME>MANDT</DOMNAME>
     <DATATYPE>CLNT</DATATYPE>
     <LENG>000003</LENG>
    </DD05M>
    <DD05M>
     <TABNAME>ZCA_PARAMETERS_ORDER_TYPE_OUT</TABNAME>
     <FIELDNAME>LGTOR</FIELDNAME>
     <FORTABLE>ZCA_PARAMETERS_ORDER_TYPE_OUT</FORTABLE>
     <FORKEY>LGNUM</FORKEY>
     <CHECKTABLE>T30B</CHECKTABLE>
     <CHECKFIELD>LGNUM</CHECKFIELD>
     <PRIMPOS>0002</PRIMPOS>
     <DOMNAME>LGNUM</DOMNAME>
     <DATATYPE>CHAR</DATATYPE>
     <LENG>000003</LENG>
    </DD05M>
    <DD05M>
     <TABNAME>ZCA_PARAMETERS_ORDER_TYPE_OUT</TABNAME>
     <FIELDNAME>LGTOR</FIELDNAME>
     <FORTABLE>ZCA_PARAMETERS_ORDER_TYPE_OUT</FORTABLE>
     <FORKEY>LGTOR</FORKEY>
     <CHECKTABLE>T30B</CHECKTABLE>
     <CHECKFIELD>LGTOR</CHECKFIELD>
     <PRIMPOS>0003</PRIMPOS>
     <DOMNAME>LGTOR</DOMNAME>
     <DATATYPE>CHAR</DATATYPE>
     <LENG>000003</LENG>
    </DD05M>
    <DD05M>
     <TABNAME>ZCA_PARAMETERS_ORDER_TYPE_OUT</TABNAME>
     <FIELDNAME>LIFNR</FIELDNAME>
     <FORTABLE>SYST</FORTABLE>
     <FORKEY>MANDT</FORKEY>
     <CHECKTABLE>LFA1</CHECKTABLE>
     <CHECKFIELD>MANDT</CHECKFIELD>
     <PRIMPOS>0001</PRIMPOS>
     <DOMNAME>MANDT</DOMNAME>
     <DATATYPE>CLNT</DATATYPE>
     <LENG>000003</LENG>
    </DD05M>
    <DD05M>
     <TABNAME>ZCA_PARAMETERS_ORDER_TYPE_OUT</TABNAME>
     <FIELDNAME>LIFNR</FIELDNAME>
     <FORTABLE>ZCA_PARAMETERS_ORDER_TYPE_OUT</FORTABLE>
     <FORKEY>LIFNR</FORKEY>
     <CHECKTABLE>LFA1</CHECKTABLE>
     <CHECKFIELD>LIFNR</CHECKFIELD>
     <PRIMPOS>0002</PRIMPOS>
     <DOMNAME>LIFNR</DOMNAME>
     <DATATYPE>CHAR</DATATYPE>
     <LENG>000010</LENG>
    </DD05M>
   </DD05M_TABLE>
   <DD08V_TABLE>
    <DD08V>
     <TABNAME>ZCA_PARAMETERS_ORDER_TYPE_OUT</TABNAME>
     <FIELDNAME>FIELDNAME</FIELDNAME>
     <DDLANGUAGE>D</DDLANGUAGE>
     <CHECKTABLE>DD03L</CHECKTABLE>
     <CLASFIELD>*</CLASFIELD>
    </DD08V>
    <DD08V>
     <TABNAME>ZCA_PARAMETERS_ORDER_TYPE_OUT</TABNAME>
     <FIELDNAME>KUNNR</FIELDNAME>
     <DDLANGUAGE>D</DDLANGUAGE>
     <CHECKTABLE>KNA1</CHECKTABLE>
    </DD08V>
    <DD08V>
     <TABNAME>ZCA_PARAMETERS_ORDER_TYPE_OUT</TABNAME>
     <FIELDNAME>LGNUM</FIELDNAME>
     <DDLANGUAGE>D</DDLANGUAGE>
     <CHECKTABLE>T300</CHECKTABLE>
    </DD08V>
    <DD08V>
     <TABNAME>ZCA_PARAMETERS_ORDER_TYPE_OUT</TABNAME>
     <FIELDNAME>LGTOR</FIELDNAME>
     <DDLANGUAGE>D</DDLANGUAGE>
     <CHECKTABLE>T30B</CHECKTABLE>
    </DD08V>
    <DD08V>
     <TABNAME>ZCA_PARAMETERS_ORDER_TYPE_OUT</TABNAME>
     <FIELDNAME>LIFNR</FIELDNAME>
     <DDLANGUAGE>D</DDLANGUAGE>
     <CHECKTABLE>LFA1</CHECKTABLE>
    </DD08V>
   </DD08V_TABLE>
  </asx:values>
 </asx:abap>
</abapGit>
