﻿<?xml version="1.0" encoding="utf-8"?>
<abapGit version="v1.0.0" serializer="LCL_OBJECT_TABL" serializer_version="v1.0.0">
 <asx:abap xmlns:asx="http://www.sap.com/abapxml" version="1.0">
  <asx:values>
   <DD02V>
    <TABNAME>ZCA_PARAMETERS_ORDER_TYPE_BUFF</TABNAME>
    <DDLANGUAGE>D</DDLANGUAGE>
    <TABCLASS>INTTAB</TABCLASS>
    <DDTEXT>Pufferstruktur für ZCA_PARAMETERS_ORDER_TYPE_IN</DDTEXT>
    <EXCLASS>1</EXCLASS>
   </DD02V>
   <DD03P_TABLE>
    <DD03P>
     <TABNAME>ZCA_PARAMETERS_ORDER_TYPE_BUFF</TABNAME>
     <FIELDNAME>INPUT</FIELDNAME>
     <POSITION>0001</POSITION>
     <ROLLNAME>ZCA_PARAMETERS_ORDER_TYPE_IN</ROLLNAME>
     <ADMINFIELD>0</ADMINFIELD>
     <DATATYPE>STRU</DATATYPE>
     <MASK>  STRUS</MASK>
     <COMPTYPE>S</COMPTYPE>
    </DD03P>
    <DD03P>
     <TABNAME>ZCA_PARAMETERS_ORDER_TYPE_BUFF</TABNAME>
     <FIELDNAME>OUTPUT</FIELDNAME>
     <POSITION>0007</POSITION>
     <ROLLNAME>ZCA_T_PARAMETER_ORDER_TYPE_OUT</ROLLNAME>
     <ADMINFIELD>0</ADMINFIELD>
     <DATATYPE>TTYP</DATATYPE>
     <MASK>  TTYPL</MASK>
     <COMPTYPE>L</COMPTYPE>
    </DD03P>
   </DD03P_TABLE>
  </asx:values>
 </asx:abap>
</abapGit>
