﻿<?xml version="1.0" encoding="utf-8"?>
<abapGit version="v1.0.0" serializer="LCL_OBJECT_TABL" serializer_version="v1.0.0">
 <asx:abap xmlns:asx="http://www.sap.com/abapxml" version="1.0">
  <asx:values>
   <DD02V>
    <TABNAME>ZCA_PARAMETERS_FOR_PROGRAM_IN</TABNAME>
    <DDLANGUAGE>D</DDLANGUAGE>
    <TABCLASS>INTTAB</TABCLASS>
    <DDTEXT>Inputstruktur für BRF+ Funktion FC_PARAMETERS_FOR_PROGRAM</DDTEXT>
    <EXCLASS>1</EXCLASS>
   </DD02V>
   <DD03P_TABLE>
    <DD03P>
     <TABNAME>ZCA_PARAMETERS_FOR_PROGRAM_IN</TABNAME>
     <FIELDNAME>GENERAL_KEY</FIELDNAME>
     <POSITION>0001</POSITION>
     <ROLLNAME>YPAR_ALLGM</ROLLNAME>
     <ADMINFIELD>0</ADMINFIELD>
     <NOTNULL>X</NOTNULL>
     <COMPTYPE>E</COMPTYPE>
    </DD03P>
    <DD03P>
     <TABNAME>ZCA_PARAMETERS_FOR_PROGRAM_IN</TABNAME>
     <FIELDNAME>AREA</FIELDNAME>
     <POSITION>0002</POSITION>
     <ROLLNAME>YPAR_BERCH</ROLLNAME>
     <ADMINFIELD>0</ADMINFIELD>
     <NOTNULL>X</NOTNULL>
     <COMPTYPE>E</COMPTYPE>
    </DD03P>
    <DD03P>
     <TABNAME>ZCA_PARAMETERS_FOR_PROGRAM_IN</TABNAME>
     <FIELDNAME>PROGRAM_CONTROL_NAME</FIELDNAME>
     <POSITION>0003</POSITION>
     <ROLLNAME>YPAR_PRGST</ROLLNAME>
     <ADMINFIELD>0</ADMINFIELD>
     <NOTNULL>X</NOTNULL>
     <COMPTYPE>E</COMPTYPE>
    </DD03P>
    <DD03P>
     <TABNAME>ZCA_PARAMETERS_FOR_PROGRAM_IN</TABNAME>
     <FIELDNAME>PARAMETER_NAME</FIELDNAME>
     <POSITION>0004</POSITION>
     <ROLLNAME>YPAR_PANAM</ROLLNAME>
     <ADMINFIELD>0</ADMINFIELD>
     <NOTNULL>X</NOTNULL>
     <COMPTYPE>E</COMPTYPE>
    </DD03P>
   </DD03P_TABLE>
  </asx:values>
 </asx:abap>
</abapGit>
