﻿<?xml version="1.0" encoding="utf-8"?>
<abapGit version="v1.0.0" serializer="LCL_OBJECT_TABL" serializer_version="v1.0.0">
 <asx:abap xmlns:asx="http://www.sap.com/abapxml" version="1.0">
  <asx:values>
   <DD02V>
    <TABNAME>ZCA_BRF_FUNCTION_BUFFER</TABNAME>
    <DDLANGUAGE>D</DDLANGUAGE>
    <TABCLASS>INTTAB</TABCLASS>
    <DDTEXT>Struktur für BRF+ Funktionspuffer</DDTEXT>
    <EXCLASS>1</EXCLASS>
   </DD02V>
   <DD03P_TABLE>
    <DD03P>
     <TABNAME>ZCA_BRF_FUNCTION_BUFFER</TABNAME>
     <FIELDNAME>FUNCTION_NAME</FIELDNAME>
     <POSITION>0001</POSITION>
     <ROLLNAME>FDT_NAME</ROLLNAME>
     <ADMINFIELD>0</ADMINFIELD>
     <NOTNULL>X</NOTNULL>
     <COMPTYPE>E</COMPTYPE>
    </DD03P>
    <DD03P>
     <TABNAME>ZCA_BRF_FUNCTION_BUFFER</TABNAME>
     <FIELDNAME>BRF_FUNCTION_BUFFER</FIELDNAME>
     <POSITION>0002</POSITION>
     <ROLLNAME>ZIF_BRF_FUNCTION_BUFFER</ROLLNAME>
     <ADMINFIELD>0</ADMINFIELD>
     <NOTNULL>X</NOTNULL>
     <DATATYPE>REF</DATATYPE>
     <MASK>  REF RI</MASK>
     <COMPTYPE>R</COMPTYPE>
     <REFTYPE>I</REFTYPE>
    </DD03P>
   </DD03P_TABLE>
  </asx:values>
 </asx:abap>
</abapGit>
