﻿<?xml version="1.0" encoding="utf-8"?>
<abapGit version="v1.0.0" serializer="LCL_OBJECT_CLAS" serializer_version="v1.0.0">
 <asx:abap xmlns:asx="http://www.sap.com/abapxml" version="1.0">
  <asx:values>
   <VSEOCLASS>
    <CLSNAME>ZCL_BRF_PARAMETERS_ORDER_TYPE</CLSNAME>
    <LANGU>D</LANGU>
    <DESCRIPT>Aufruf von FC_PARAMETERS_ORDER_TYPE</DESCRIPT>
    <STATE>1</STATE>
    <CLSCCINCL>X</CLSCCINCL>
    <FIXPT>X</FIXPT>
    <UNICODE>X</UNICODE>
   </VSEOCLASS>
   <DESCRIPTIONS>
    <SEOCOMPOTX>
     <CLSNAME>ZCL_BRF_PARAMETERS_ORDER_TYPE</CLSNAME>
     <CMPNAME>BRF_PARAMETERS_ORDER_TYPE</CMPNAME>
     <LANGU>D</LANGU>
     <DESCRIPT>Parameter für Bestellart</DESCRIPT>
    </SEOCOMPOTX>
    <SEOCOMPOTX>
     <CLSNAME>ZCL_BRF_PARAMETERS_ORDER_TYPE</CLSNAME>
     <CMPNAME>GET_INSTANCE</CMPNAME>
     <LANGU>D</LANGU>
     <DESCRIPT>Hole Referenz auf Zugriffschnittstelle</DESCRIPT>
    </SEOCOMPOTX>
   </DESCRIPTIONS>
  </asx:values>
 </asx:abap>
</abapGit>
