﻿<?xml version="1.0" encoding="utf-8"?>
<abapGit version="v1.0.0" serializer="LCL_OBJECT_CLAS" serializer_version="v1.0.0">
 <asx:abap xmlns:asx="http://www.sap.com/abapxml" version="1.0">
  <asx:values>
   <VSEOCLASS>
    <CLSNAME>ZCL_BRF_FUNCTION_PROCESSOR</CLSNAME>
    <LANGU>D</LANGU>
    <DESCRIPT>Oberklasse für Funktionsaufruf</DESCRIPT>
    <STATE>1</STATE>
    <CLSCCINCL>X</CLSCCINCL>
    <FIXPT>X</FIXPT>
    <UNICODE>X</UNICODE>
   </VSEOCLASS>
   <DESCRIPTIONS>
    <SEOCOMPOTX>
     <CLSNAME>ZCL_BRF_FUNCTION_PROCESSOR</CLSNAME>
     <CMPNAME>CHECK_PARAMETER_REFERENCES</CMPNAME>
     <LANGU>D</LANGU>
     <DESCRIPT>Check Referenzen für Import- und Ergebnisparameter gesetzt</DESCRIPT>
    </SEOCOMPOTX>
    <SEOCOMPOTX>
     <CLSNAME>ZCL_BRF_FUNCTION_PROCESSOR</CLSNAME>
     <CMPNAME>CLASS_CONSTRUCTOR</CMPNAME>
     <LANGU>D</LANGU>
     <DESCRIPT>CLASS_CONSTRUCTOR</DESCRIPT>
    </SEOCOMPOTX>
    <SEOCOMPOTX>
     <CLSNAME>ZCL_BRF_FUNCTION_PROCESSOR</CLSNAME>
     <CMPNAME>EXECUTION_TIMESTAMP</CMPNAME>
     <LANGU>D</LANGU>
     <DESCRIPT>UTC-Zeitstempel in Kurzform (JJJJMMTThhmmss)</DESCRIPT>
    </SEOCOMPOTX>
    <SEOCOMPOTX>
     <CLSNAME>ZCL_BRF_FUNCTION_PROCESSOR</CLSNAME>
     <CMPNAME>FUNCTION_ID</CMPNAME>
     <LANGU>D</LANGU>
     <DESCRIPT>ID der Funktion</DESCRIPT>
    </SEOCOMPOTX>
    <SEOCOMPOTX>
     <CLSNAME>ZCL_BRF_FUNCTION_PROCESSOR</CLSNAME>
     <CMPNAME>FUNCTION_NAME</CMPNAME>
     <LANGU>D</LANGU>
     <DESCRIPT>Name der gerufenen BRF+ Funktion</DESCRIPT>
    </SEOCOMPOTX>
    <SEOCOMPOTX>
     <CLSNAME>ZCL_BRF_FUNCTION_PROCESSOR</CLSNAME>
     <CMPNAME>GET_IMPORT_PARAMETER</CMPNAME>
     <LANGU>D</LANGU>
     <DESCRIPT>Importparameter ermitteln</DESCRIPT>
    </SEOCOMPOTX>
    <SEOCOMPOTX>
     <CLSNAME>ZCL_BRF_FUNCTION_PROCESSOR</CLSNAME>
     <CMPNAME>GET_METADATA</CMPNAME>
     <LANGU>D</LANGU>
     <DESCRIPT>Metadaten für BRF+ Funktionsaufruf ermitteln</DESCRIPT>
    </SEOCOMPOTX>
    <SEOCOMPOTX>
     <CLSNAME>ZCL_BRF_FUNCTION_PROCESSOR</CLSNAME>
     <CMPNAME>GET_OBJECT_ID</CMPNAME>
     <LANGU>D</LANGU>
     <DESCRIPT>ID eines BRF+ Objekts ermitteln</DESCRIPT>
    </SEOCOMPOTX>
    <SEOCOMPOTX>
     <CLSNAME>ZCL_BRF_FUNCTION_PROCESSOR</CLSNAME>
     <CMPNAME>IMPORT_PARAMETER_ID</CMPNAME>
     <LANGU>D</LANGU>
     <DESCRIPT>ID des Importparameters</DESCRIPT>
    </SEOCOMPOTX>
    <SEOCOMPOTX>
     <CLSNAME>ZCL_BRF_FUNCTION_PROCESSOR</CLSNAME>
     <CMPNAME>IMPORT_PARAMETER_NAME</CMPNAME>
     <LANGU>D</LANGU>
     <DESCRIPT>Name des Importparameters der BRF+ Funktion</DESCRIPT>
    </SEOCOMPOTX>
    <SEOCOMPOTX>
     <CLSNAME>ZCL_BRF_FUNCTION_PROCESSOR</CLSNAME>
     <CMPNAME>IMPORT_PARAMETER_REFERENCE</CMPNAME>
     <LANGU>D</LANGU>
     <DESCRIPT>Referenz auf Importparameter</DESCRIPT>
    </SEOCOMPOTX>
    <SEOCOMPOTX>
     <CLSNAME>ZCL_BRF_FUNCTION_PROCESSOR</CLSNAME>
     <CMPNAME>PROCESS_INTERNAL</CMPNAME>
     <LANGU>D</LANGU>
     <DESCRIPT>BRF+ Funktion aufrufen</DESCRIPT>
    </SEOCOMPOTX>
    <SEOCOMPOTX>
     <CLSNAME>ZCL_BRF_FUNCTION_PROCESSOR</CLSNAME>
     <CMPNAME>RESULT_PARAMETER_REFERENCE</CMPNAME>
     <LANGU>D</LANGU>
     <DESCRIPT>Referenz auf Ergebnisparameter</DESCRIPT>
    </SEOCOMPOTX>
    <SEOCOMPOTX>
     <CLSNAME>ZCL_BRF_FUNCTION_PROCESSOR</CLSNAME>
     <CMPNAME>SAVE_TRACE</CMPNAME>
     <LANGU>D</LANGU>
     <DESCRIPT>Trace sichern</DESCRIPT>
    </SEOCOMPOTX>
    <SEOCOMPOTX>
     <CLSNAME>ZCL_BRF_FUNCTION_PROCESSOR</CLSNAME>
     <CMPNAME>SET_FUNCTION_NAME</CMPNAME>
     <LANGU>D</LANGU>
     <DESCRIPT>Namen der Funktion festlegen</DESCRIPT>
    </SEOCOMPOTX>
    <SEOCOMPOTX>
     <CLSNAME>ZCL_BRF_FUNCTION_PROCESSOR</CLSNAME>
     <CMPNAME>SET_PARAMETER_REFERENCES</CMPNAME>
     <LANGU>D</LANGU>
     <DESCRIPT>Parameterreferenzen setzen</DESCRIPT>
    </SEOCOMPOTX>
    <SEOCOMPOTX>
     <CLSNAME>ZCL_BRF_FUNCTION_PROCESSOR</CLSNAME>
     <CMPNAME>TRACE_IS_TO_SAVE</CMPNAME>
     <LANGU>D</LANGU>
     <DESCRIPT>Kennzeichen: Trace speichern</DESCRIPT>
    </SEOCOMPOTX>
    <SEOCOMPOTX>
     <CLSNAME>ZCL_BRF_FUNCTION_PROCESSOR</CLSNAME>
     <CMPNAME>TRACE_MODE</CMPNAME>
     <LANGU>D</LANGU>
     <DESCRIPT>FDT: Trace-Modus</DESCRIPT>
    </SEOCOMPOTX>
   </DESCRIPTIONS>
  </asx:values>
 </asx:abap>
</abapGit>
