﻿<?xml version="1.0" encoding="utf-8"?>
<abapGit version="v1.0.0" serializer="LCL_OBJECT_INTF" serializer_version="v1.0.0">
 <asx:abap xmlns:asx="http://www.sap.com/abapxml" version="1.0">
  <asx:values>
   <VSEOINTERF>
    <CLSNAME>ZIF_BRF_FUNCTION_BUFFER</CLSNAME>
    <LANGU>D</LANGU>
    <DESCRIPT>Schnittstelle für BRF+ Funktionspuffer</DESCRIPT>
    <EXPOSURE>2</EXPOSURE>
    <STATE>1</STATE>
    <UNICODE>X</UNICODE>
   </VSEOINTERF>
   <DESCRIPTIONS>
    <SEOCOMPOTX>
     <CLSNAME>ZIF_BRF_FUNCTION_BUFFER</CLSNAME>
     <CMPNAME>CLEAR</CMPNAME>
     <LANGU>D</LANGU>
     <DESCRIPT>Puffer leeren</DESCRIPT>
    </SEOCOMPOTX>
    <SEOCOMPOTX>
     <CLSNAME>ZIF_BRF_FUNCTION_BUFFER</CLSNAME>
     <CMPNAME>READ</CMPNAME>
     <LANGU>D</LANGU>
     <DESCRIPT>Puffer lesen</DESCRIPT>
    </SEOCOMPOTX>
    <SEOCOMPOTX>
     <CLSNAME>ZIF_BRF_FUNCTION_BUFFER</CLSNAME>
     <CMPNAME>WRITE</CMPNAME>
     <LANGU>D</LANGU>
     <DESCRIPT>Puffer schreiben</DESCRIPT>
    </SEOCOMPOTX>
   </DESCRIPTIONS>
  </asx:values>
 </asx:abap>
</abapGit>
